PlayerId, SystemConfiguration, NumberOfGoals, NumberOfOperatorsPreCompilation, NumberOfPredicatesPreCompilation, NumberOfOperatorsPostCompilation, NumberOfPredicatesPostCompilation, NumberOfObservationsInput, NumberOfPlayerActionsTaken, Runtime, PlanRecognitionPrecision, PlanRecognitionRecall, PlanRecognitionF1Score, PlanRecognitionLevenshteinDistance, GoalRecognitionPrecision, GoalRecognitionRecall, GoalRecognitionF1Score, GoalRecognitionLevenshteinDistance, IndexterCalculationTime, NumberOfAdoptedQuestParts, NumberOfCompletedQuestParts, NumberOfActiveQuestParts, NumberOfAdoptedQuests, NumberOfCompletedQuests, NumberOfActiveQuests, EquipQuest-adopted, EquipQuest-complete, EquipQuest-knol, FetchQuest-adopted, FetchQuest-complete, FetchQuest-knol, PilgrimageQuest-adopted, PilgrimageQuest-complete, PilgrimageQuest-knol, LoveQuest-Letter-adopted, LoveQuest-Letter-complete, LoveQuest-Letter-knol, LoveQuest-Gift-adopted, LoveQuest-Gift-complete, LoveQuest-Gift-knol, LoveQuest-Letter-adopted, LoveQuest-Letter-complete, LoveQuest-Letter-knol, LoveQuest-aggregate-adopted, LoveQuest-aggregate-complete, LoveQuest-avg-knol, WisdomQuest-Coin-adopted, WisdomQuest-Coin-complete, WisdomQuest-Coin-knol, WisdomQuest-Humanskull-adopted, WisdomQuest-Humanskull-complete, WisdomQuest-Humanskull-knol, WisdomQuest-Candle-adopted, WisdomQuest-Candle-complete, WisdomQuest-Candle-knol, WisdomQuest-aggregate-adopted, WisdomQuest-aggregate-complete, WisdomQuest-avg-knol
-612833841, windowed, 26, 14, 15, 641, 706, 1, 1, 1179.059, 0.179487179487179, 0.0707070707070707, 0.101449275362319, 315, -1, 0, 0, 24, 0, 0, 0, 0, 0, 0, 0, False, False, -1, False, False, -1, False, False, -1, False, False, -1, False, False, -1, False, False, -1, False, False, -3, False, False, -1, False, False, -1, False, False, -1, False, False, -3
-612833841, windowed, 26, 14, 15, 642, 708, 2, 2, 1471.574, 0.142857142857143, 0.0707070707070707, 0.0945945945945946, 306, -1, 0, 0, 24, 0, 0, 0, 0, 0, 0, 0, False, False, -1, False, False, -1, False, False, -1, False, False, -1, False, False, -1, False, False, -1, False, False, -3, False, False, -1, False, False, -1, False, False, -1, False, False, -3
-612833841, windowed, 26, 14, 15, 644, 710, 3, 3, 1460.654, 0.116279069767442, 0.0505050505050505, 0.0704225352112676, 312, -1, 0, 0, 24, 0, 0, 0, 0, 0, 0, 0, False, False, -1, False, False, -1, False, False, -1, False, False, -1, False, False, -1, False, False, -1, False, False, -3, False, False, -1, False, False, -1, False, False, -1, False, False, -3
-612833841, windowed, 26, 14, 15, 647, 712, 4, 4, 1857.338, 0.229166666666667, 0.111111111111111, 0.149659863945578, 305, -1, 0, 0, 24, 0, 0, 0, 0, 0, 0, 0, False, False, -1, False, False, -1, False, False, -1, False, False, -1, False, False, -1, False, False, -1, False, False, -3, False, False, -1, False, False, -1, False, False, -1, False, False, -3
-612833841, windowed, 26, 14, 15, 651, 714, 5, 5, 1967.694, 0.14, 0.0707070707070707, 0.0939597315436242, 302, -1, 0, 0, 24, 0, 0, 0, 0, 0, 0, 0, False, False, -1, False, False, -1, False, False, -1, False, False, -1, False, False, -1, False, False, -1, False, False, -3, False, False, -1, False, False, -1, False, False, -1, False, False, -3
-612833841, windowed, 26, 14, 15, 656, 716, 6, 6, 2223.617, 0.117647058823529, 0.0606060606060606, 0.08, 301, -1, 0, 0, 24, 0, 0, 0, 0, 0, 0, 0, False, False, -1, False, False, -1, False, False, -1, False, False, -1, False, False, -1, False, False, -1, False, False, -3, False, False, -1, False, False, -1, False, False, -1, False, False, -3
-612833841, windowed, 26, 14, 15, 662, 718, 7, 7, 487.11, 0.4, 0.141414141414141, 0.208955223880597, 335, -1, 0, 0, 24, 0, 0, 0, 0, 0, 0, 0, False, False, -1, False, False, -1, False, False, -1, False, False, -1, False, False, -1, False, False, -1, False, False, -3, False, False, -1, False, False, -1, False, False, -1, False, False, -3
-612833841, windowed, 26, 14, 15, 662, 718, 7, 8, 1558.311, 0.208333333333333, 0.101010101010101, 0.136054421768708, 307, -1, 0, 0, 24, 0, 0, 0, 0, 0, 0, 0, False, False, -1, False, False, -1, False, False, -1, False, False, -1, False, False, -1, False, False, -1, False, False, -3, False, False, -1, False, False, -1, False, False, -1, False, False, -3
-612833841, windowed, 26, 14, 15, 662, 718, 7, 9, 460.966, 0.0789473684210526, 0.0303030303030303, 0.0437956204379562, 325, -1, 0, 0, 24, 0, 0, 0, 0, 0, 0, 0, False, False, -1, False, False, -1, False, False, -1, False, False, -1, False, False, -1, False, False, -1, False, False, -3, False, False, -1, False, False, -1, False, False, -1, False, False, -3
-612833841, windowed, 26, 14, 15, 662, 718, 7, 10, 1951.478, 0.134615384615385, 0.0707070707070707, 0.0927152317880795, 307, -1, 0, 0, 24, 0, 0, 0, 0, 0, 0, 0, False, False, -1, False, False, -1, False, False, -1, False, False, -1, False, False, -1, False, False, -1, False, False, -3, False, False, -1, False, False, -1, False, False, -1, False, False, -3
-612833841, windowed, 26, 14, 15, 662, 718, 7, 11, 441.606, 0.179487179487179, 0.0707070707070707, 0.101449275362319, 321, -1, 0, 0, 24, 0, 0, 0, 0, 0, 0, 0, False, False, -1, False, False, -1, False, False, -1, False, False, -1, False, False, -1, False, False, -1, False, False, -3, False, False, -1, False, False, -1, False, False, -1, False, False, -3
-612833841, windowed, 26, 14, 15, 662, 718, 7, 12, 2042.625, 0.2, 0.0808080808080808, 0.115107913669065, 328, -1, 0, 0, 24, 0, 0, 0, 0, 0, 0, 0, False, False, -1, False, False, -1, False, False, -1, False, False, -1, False, False, -1, False, False, -1, False, False, -3, False, False, -1, False, False, -1, False, False, -1, False, False, -3
-612833841, windowed, 26, 14, 15, 662, 718, 7, 13, 2472.66, 0.177777777777778, 0.0808080808080808, 0.111111111111111, 316, -1, 0, 0, 24, 0, 0, 0, 0, 0, 0, 0, False, False, -1, False, False, -1, False, False, -1, False, False, -1, False, False, -1, False, False, -1, False, False, -3, False, False, -1, False, False, -1, False, False, -1, False, False, -3
-612833841, windowed, 26, 14, 15, 662, 718, 7, 14, 1459.8, 0.170731707317073, 0.0707070707070707, 0.1, 319, -1, 0, 0, 24, 0, 0, 0, 0, 0, 0, 0, False, False, -1, False, False, -1, False, False, -1, False, False, -1, False, False, -1, False, False, -1, False, False, -3, False, False, -1, False, False, -1, False, False, -1, False, False, -3
-612833841, windowed, 26, 14, 15, 662, 718, 7, 15, 413.315, 0.0540540540540541, 0.0202020202020202, 0.0294117647058824, 321, -1, 0, 0, 24, 0, 0, 0, 0, 0, 0, 0, False, False, -1, False, False, -1, False, False, -1, False, False, -1, False, False, -1, False, False, -1, False, False, -3, False, False, -1, False, False, -1, False, False, -1, False, False, -3
-612833841, windowed, 26, 14, 15, 662, 718, 7, 16, 443.43, 0.179487179487179, 0.0707070707070707, 0.101449275362319, 308, -1, 0, 0, 24, 0, 0, 0, 0, 0, 0, 0, False, False, -1, False, False, -1, False, False, -1, False, False, -1, False, False, -1, False, False, -1, False, False, -3, False, False, -1, False, False, -1, False, False, -1, False, False, -3
-612833841, windowed, 26, 14, 15, 662, 718, 7, 17, 448.794, 0.175, 0.0707070707070707, 0.100719424460432, 304, -1, 0, 0, 24, 0, 0, 0, 0, 0, 0, 0, False, False, -1, False, False, -1, False, False, -1, False, False, -1, False, False, -1, False, False, -1, False, False, -3, False, False, -1, False, False, -1, False, False, -1, False, False, -3
-612833841, windowed, 26, 14, 15, 662, 718, 7, 18, 1742.928, 0.115384615384615, 0.0606060606060606, 0.0794701986754967, 306, -1, 0, 0, 24, 0, 0, 0, 0, 0, 0, 0, False, False, -1, False, False, -1, False, False, -1, False, False, -1, False, False, -1, False, False, -1, False, False, -3, False, False, -1, False, False, -1, False, False, -1, False, False, -3
-612833841, windowed, 26, 14, 15, 662, 718, 7, 19, 452.907, 0.292682926829268, 0.121212121212121, 0.171428571428571, 308, -1, 0, 0, 24, 0, 0, 0, 0, 0, 0, 0, False, False, -1, False, False, -1, False, False, -1, False, False, -1, False, False, -1, False, False, -1, False, False, -3, False, False, -1, False, False, -1, False, False, -1, False, False, -3
-612833841, windowed, 26, 14, 15, 662, 718, 7, 20, 2067.556, 0.166666666666667, 0.0808080808080808, 0.108843537414966, 309, -1, 0, 0, 24, 0, 0, 0, 0, 0, 0, 0, False, False, -1, False, False, -1, False, False, -1, False, False, -1, False, False, -1, False, False, -1, False, False, -3, False, False, -1, False, False, -1, False, False, -1, False, False, -3
-612833841, windowed, 26, 14, 15, 662, 718, 7, 21, 448.416, 0.263157894736842, 0.101010101010101, 0.145985401459854, 318, -1, 0, 0, 24, 0, 0, 0, 0, 0, 0, 0, False, False, -1, False, False, -1, False, False, -1, False, False, -1, False, False, -1, False, False, -1, False, False, -3, False, False, -1, False, False, -1, False, False, -1, False, False, -3
-612833841, windowed, 26, 14, 15, 662, 718, 7, 22, 446.021, 0.289473684210526, 0.111111111111111, 0.160583941605839, 322, -1, 0, 0, 24, 0, 0, 0, 0, 0, 0, 0, False, False, -1, False, False, -1, False, False, -1, False, False, -1, False, False, -1, False, False, -1, False, False, -3, False, False, -1, False, False, -1, False, False, -1, False, False, -3
-612833841, windowed, 26, 14, 15, 662, 718, 7, 23, 2440.917, 0.183673469387755, 0.0909090909090909, 0.121621621621622, 312, -1, 0, 0, 24, 0, 0, 0, 0, 0, 0, 0, False, False, -1, False, False, -1, False, False, -1, False, False, -1, False, False, -1, False, False, -1, False, False, -3, False, False, -1, False, False, -1, False, False, -1, False, False, -3
-612833841, windowed, 26, 14, 15, 662, 718, 7, 24, 467.797, 0.285714285714286, 0.121212121212121, 0.170212765957447, 301, -1, 0, 0, 24, 0, 0, 0, 0, 0, 0, 0, False, False, -1, False, False, -1, False, False, -1, False, False, -1, False, False, -1, False, False, -1, False, False, -3, False, False, -1, False, False, -1, False, False, -1, False, False, -3
-612833841, windowed, 26, 14, 15, 662, 718, 7, 25, 2579.456, 0.169811320754717, 0.0909090909090909, 0.118421052631579, 310, -1, 0, 0, 24, 0, 0, 0, 0, 0, 0, 0, False, False, -1, False, False, -1, False, False, -1, False, False, -1, False, False, -1, False, False, -1, False, False, -3, False, False, -1, False, False, -1, False, False, -1, False, False, -3
-612833841, windowed, 26, 14, 15, 662, 718, 7, 26, 2455.186, 0.169811320754717, 0.0909090909090909, 0.118421052631579, 308, -1, 0, 0, 24, 0, 0, 0, 0, 0, 0, 0, False, False, -1, False, False, -1, False, False, -1, False, False, -1, False, False, -1, False, False, -1, False, False, -3, False, False, -1, False, False, -1, False, False, -1, False, False, -3
-612833841, windowed, 26, 14, 15, 662, 718, 7, 27, 2403.979, 0.178571428571429, 0.101010101010101, 0.129032258064516, 310, -1, 0, 0, 24, 0, 0, 0, 0, 0, 0, 0, False, False, -1, False, False, -1, False, False, -1, False, False, -1, False, False, -1, False, False, -1, False, False, -3, False, False, -1, False, False, -1, False, False, -1, False, False, -3
-612833841, windowed, 26, 14, 15, 662, 718, 7, 28, 2010.724, 0.155172413793103, 0.0909090909090909, 0.114649681528662, 297, -1, 0, 0, 24, 0, 0, 0, 0, 0, 0, 0, False, False, -1, False, False, -1, False, False, -1, False, False, -1, False, False, -1, False, False, -1, False, False, -3, False, False, -1, False, False, -1, False, False, -1, False, False, -3
-612833841, windowed, 26, 14, 15, 662, 718, 7, 29, 514.239, 0.214285714285714, 0.121212121212121, 0.154838709677419, 302, -1, 0, 0, 24, 0, 0, 0, 0, 0, 0, 0, False, False, -1, False, False, -1, False, False, -1, False, False, -1, False, False, -1, False, False, -1, False, False, -3, False, False, -1, False, False, -1, False, False, -1, False, False, -3
-612833841, windowed, 26, 14, 15, 662, 718, 7, 30, 2364.731, 0.116666666666667, 0.0707070707070707, 0.0880503144654088, 287, -1, 0, 0, 24, 0, 0, 0, 0, 0, 0, 0, False, False, -1, False, False, -1, False, False, -1, False, False, -1, False, False, -1, False, False, -1, False, False, -3, False, False, -1, False, False, -1, False, False, -1, False, False, -3
-612833841, windowed, 26, 14, 15, 662, 718, 7, 31, 2458.346, 0.15, 0.0909090909090909, 0.113207547169811, 292, -1, 0, 0, 24, 0, 0, 0, 0, 0, 0, 0, False, False, -1, False, False, -1, False, False, -1, False, False, -1, False, False, -1, False, False, -1, False, False, -3, False, False, -1, False, False, -1, False, False, -1, False, False, -3
-612833841, windowed, 26, 14, 15, 662, 718, 7, 32, 2573.187, 0.135593220338983, 0.0808080808080808, 0.10126582278481, 293, -1, 0, 0, 24, 0, 0, 0, 0, 0, 0, 0, False, False, -1, False, False, -1, False, False, -1, False, False, -1, False, False, -1, False, False, -1, False, False, -3, False, False, -1, False, False, -1, False, False, -1, False, False, -3
-612833841, windowed, 26, 14, 15, 662, 718, 7, 33, 1613.251, 0.113207547169811, 0.0606060606060606, 0.0789473684210526, 302, -1, 0, 0, 24, 0, 0, 0, 0, 0, 0, 0, False, False, -1, False, False, -1, False, False, -1, False, False, -1, False, False, -1, False, False, -1, False, False, -3, False, False, -1, False, False, -1, False, False, -1, False, False, -3
-612833841, windowed, 26, 14, 15, 662, 718, 7, 34, 445.21, 0.0789473684210526, 0.0303030303030303, 0.0437956204379562, 318, -1, 0, 0, 24, 0, 0, 0, 0, 0, 0, 0, False, False, -1, False, False, -1, False, False, -1, False, False, -1, False, False, -1, False, False, -1, False, False, -3, False, False, -1, False, False, -1, False, False, -1, False, False, -3
-612833841, windowed, 26, 14, 15, 662, 718, 7, 35, 475.41, 0.225, 0.0909090909090909, 0.129496402877698, 321, -1, 0, 0, 24, 0, 0, 0, 0, 0, 0, 0, False, False, -1, False, False, -1, False, False, -1, False, False, -1, False, False, -1, False, False, -1, False, False, -3, False, False, -1, False, False, -1, False, False, -1, False, False, -3
-612833841, windowed, 26, 14, 15, 662, 718, 7, 36, 1514.472, 0.113636363636364, 0.0505050505050505, 0.0699300699300699, 314, -1, 0, 0, 24, 0, 0, 0, 0, 0, 0, 0, False, False, -1, False, False, -1, False, False, -1, False, False, -1, False, False, -1, False, False, -1, False, False, -3, False, False, -1, False, False, -1, False, False, -1, False, False, -3
-612833841, windowed, 26, 14, 15, 662, 718, 7, 37, 440.782, 0.142857142857143, 0.0505050505050505, 0.0746268656716418, 315, -1, 0, 0, 24, 0, 0, 0, 0, 0, 0, 0, False, False, -1, False, False, -1, False, False, -1, False, False, -1, False, False, -1, False, False, -1, False, False, -3, False, False, -1, False, False, -1, False, False, -1, False, False, -3
-612833841, windowed, 26, 14, 15, 662, 718, 7, 38, 442.195, 0.189189189189189, 0.0707070707070707, 0.102941176470588, 323, -1, 0, 0, 24, 0, 0, 0, 0, 0, 0, 0, False, False, -1, False, False, -1, False, False, -1, False, False, -1, False, False, -1, False, False, -1, False, False, -3, False, False, -1, False, False, -1, False, False, -1, False, False, -3
-612833841, windowed, 26, 14, 15, 662, 718, 7, 39, 457.069, 0.0769230769230769, 0.0303030303030303, 0.0434782608695652, 320, -1, 0, 0, 24, 0, 0, 0, 0, 0, 0, 0, False, False, -1, False, False, -1, False, False, -1, False, False, -1, False, False, -1, False, False, -1, False, False, -3, False, False, -1, False, False, -1, False, False, -1, False, False, -3
-612833841, windowed, 26, 14, 15, 662, 718, 7, 40, 448.413, 0.189189189189189, 0.0707070707070707, 0.102941176470588, 310, -1, 0, 0, 24, 0, 0, 0, 0, 0, 0, 0, False, False, -1, False, False, -1, False, False, -1, False, False, -1, False, False, -1, False, False, -1, False, False, -3, False, False, -1, False, False, -1, False, False, -1, False, False, -3
-612833841, windowed, 26, 14, 15, 662, 718, 7, 41, 515.55, 0.130434782608696, 0.0606060606060606, 0.0827586206896552, 308, -1, 0, 0, 24, 0, 0, 0, 0, 0, 0, 0, False, False, -1, False, False, -1, False, False, -1, False, False, -1, False, False, -1, False, False, -1, False, False, -3, False, False, -1, False, False, -1, False, False, -1, False, False, -3
-612833841, windowed, 26, 14, 15, 662, 718, 7, 42, 2718.084, 0.206349206349206, 0.131313131313131, 0.160493827160494, 280, -1, 0, 0, 24, 0, 0, 0, 0, 0, 0, 0, False, False, -1, False, False, -1, False, False, -1, False, False, -1, False, False, -1, False, False, -1, False, False, -3, False, False, -1, False, False, -1, False, False, -1, False, False, -3
-612833841, windowed, 26, 14, 15, 662, 718, 7, 43, 2455.126, 0.241935483870968, 0.151515151515152, 0.186335403726708, 280, -1, 0, 0, 24, 0, 0, 0, 0, 0, 0, 0, False, False, -1, False, False, -1, False, False, -1, False, False, -1, False, False, -1, False, False, -1, False, False, -3, False, False, -1, False, False, -1, False, False, -1, False, False, -3
-612833841, windowed, 26, 14, 15, 662, 718, 7, 44, 2470.531, 0.153846153846154, 0.101010101010101, 0.121951219512195, 280, -1, 0, 0, 24, 0, 0, 0, 0, 0, 0, 0, False, False, -1, False, False, -1, False, False, -1, False, False, -1, False, False, -1, False, False, -1, False, False, -3, False, False, -1, False, False, -1, False, False, -1, False, False, -3
-612833841, windowed, 26, 14, 15, 662, 718, 7, 45, 2454.622, 0.174603174603175, 0.111111111111111, 0.135802469135802, 298, -1, 0, 0, 24, 0, 0, 0, 0, 0, 0, 0, False, False, -1, False, False, -1, False, False, -1, False, False, -1, False, False, -1, False, False, -1, False, False, -3, False, False, -1, False, False, -1, False, False, -1, False, False, -3
-612833841, windowed, 26, 14, 15, 662, 718, 7, 46, 2640.044, 0.174603174603175, 0.111111111111111, 0.135802469135802, 298, -1, 0, 0, 24, 0, 0, 0, 0, 0, 0, 0, False, False, -1, False, False, -1, False, False, -1, False, False, -1, False, False, -1, False, False, -1, False, False, -3, False, False, -1, False, False, -1, False, False, -1, False, False, -3
-612833841, windowed, 26, 14, 15, 662, 718, 7, 47, 513.985, 0.192982456140351, 0.111111111111111, 0.141025641025641, 315, -1, 0, 0, 24, 0, 0, 0, 0, 0, 0, 0, False, False, -1, False, False, -1, False, False, -1, False, False, -1, False, False, -1, False, False, -1, False, False, -3, False, False, -1, False, False, -1, False, False, -1, False, False, -3
-612833841, windowed, 26, 14, 15, 662, 718, 7, 48, 489.821, 0.191489361702128, 0.0909090909090909, 0.123287671232877, 321, -1, 0, 0, 24, 0, 0, 0, 0, 0, 0, 0, False, False, -1, False, False, -1, False, False, -1, False, False, -1, False, False, -1, False, False, -1, False, False, -3, False, False, -1, False, False, -1, False, False, -1, False, False, -3
-612833841, windowed, 26, 14, 15, 662, 718, 7, 49, 1609.4, 0.148936170212766, 0.0707070707070707, 0.0958904109589041, 295, -1, 0, 0, 24, 0, 0, 0, 0, 0, 0, 0, False, False, -1, False, False, -1, False, False, -1, False, False, -1, False, False, -1, False, False, -1, False, False, -3, False, False, -1, False, False, -1, False, False, -1, False, False, -3
-612833841, windowed, 26, 14, 15, 662, 718, 7, 50, 1687.186, 0.14, 0.0707070707070707, 0.0939597315436242, 311, -1, 0, 0, 24, 0, 1, 0, 1, 1, 0, 1, False, False, -1, True, False, 0.869565217391304, False, False, -1, False, False, -1, False, False, -1, False, False, -1, False, False, -3, False, False, -1, False, False, -1, False, False, -1, False, False, -3
-612833841, windowed, 26, 14, 15, 662, 718, 7, 51, 1313.369, 0.222222222222222, 0.101010101010101, 0.138888888888889, 302, -1, 0, 0, 24, 0, 1, 0, 1, 1, 0, 1, False, False, -1, True, False, 0.869565217391304, False, False, -1, False, False, -1, False, False, -1, False, False, -1, False, False, -3, False, False, -1, False, False, -1, False, False, -1, False, False, -3
-612833841, windowed, 26, 14, 15, 662, 718, 7, 52, 1435.465, 0.170212765957447, 0.0808080808080808, 0.10958904109589, 294, -1, 0, 0, 24, 0, 1, 0, 1, 1, 0, 1, False, False, -1, True, False, 0.869565217391304, False, False, -1, False, False, -1, False, False, -1, False, False, -1, False, False, -3, False, False, -1, False, False, -1, False, False, -1, False, False, -3
-612833841, windowed, 26, 14, 15, 662, 718, 7, 53, 1597.74, 0.166666666666667, 0.0808080808080808, 0.108843537414966, 301, -1, 0, 0, 24, 0, 1, 0, 1, 1, 0, 1, False, False, -1, True, False, 0.869565217391304, False, False, -1, False, False, -1, False, False, -1, False, False, -1, False, False, -3, False, False, -1, False, False, -1, False, False, -1, False, False, -3
-612833841, windowed, 26, 14, 15, 662, 718, 7, 54, 1653.411, 0.134615384615385, 0.0707070707070707, 0.0927152317880795, 296, -1, 0, 0, 24, 0, 2, 0, 2, 2, 0, 2, False, False, -1, True, False, 0.869565217391304, False, False, -1, False, False, -1, False, False, -1, False, False, -1, False, False, -3, True, False, 0.714285714285714, False, False, -1, False, False, -1, True, False, -1.28571428571429
-612833841, windowed, 26, 14, 15, 662, 718, 7, 55, 1930.868, 0.134615384615385, 0.0707070707070707, 0.0927152317880795, 311, -1, 0, 0, 24, 0, 2, 0, 2, 2, 0, 2, False, False, -1, True, False, 0.869565217391304, False, False, -1, False, False, -1, False, False, -1, False, False, -1, False, False, -3, True, False, 0.714285714285714, False, False, -1, False, False, -1, True, False, -1.28571428571429
-612833841, windowed, 26, 14, 15, 662, 718, 7, 56, 1446.967, 0.1875, 0.0909090909090909, 0.122448979591837, 308, -1, 0, 0, 24, 0, 2, 1, 1, 2, 0, 2, False, False, -1, True, False, 0.869565217391304, False, False, -1, False, False, -1, False, False, -1, False, False, -1, False, False, -3, True, True, 0.714285714285714, True, False, 0.714285714285714, False, False, -1, True, False, 0.214285714285714
-612833841, windowed, 26, 14, 15, 662, 718, 7, 57, 1508.623, 0.25, 0.121212121212121, 0.163265306122449, 304, -1, 0, 0, 24, 0, 2, 1, 1, 2, 0, 2, False, False, -1, True, False, 0.869565217391304, False, False, -1, False, False, -1, False, False, -1, False, False, -1, False, False, -3, True, True, 0.714285714285714, True, False, 0.714285714285714, False, False, -1, True, False, 0.214285714285714
-612833841, windowed, 26, 14, 15, 662, 718, 7, 58, 1682.122, 0.25, 0.121212121212121, 0.163265306122449, 286, -1, 0, 0, 24, 0, 2, 1, 1, 2, 0, 2, False, False, -1, True, False, 0.869565217391304, False, False, -1, False, False, -1, False, False, -1, False, False, -1, False, False, -3, True, True, 0.714285714285714, True, False, 0.714285714285714, False, False, -1, True, False, 0.214285714285714
-612833841, windowed, 26, 14, 15, 662, 718, 7, 59, 1677.843, 0.145454545454545, 0.0808080808080808, 0.103896103896104, 277, -1, 0, 0, 24, 0, 2, 1, 1, 2, 0, 2, False, False, -1, True, False, 0.869565217391304, False, False, -1, False, False, -1, False, False, -1, False, False, -1, False, False, -3, True, True, 0.714285714285714, True, False, 0.714285714285714, False, False, -1, True, False, 0.214285714285714
-612833841, windowed, 26, 14, 15, 662, 718, 7, 60, 1598.609, 0.0666666666666667, 0.0303030303030303, 0.0416666666666667, 309, -1, 0, 0, 24, 0, 2, 1, 1, 2, 0, 2, False, False, -1, True, False, 0.869565217391304, False, False, -1, False, False, -1, False, False, -1, False, False, -1, False, False, -3, True, True, 0.714285714285714, True, False, 0.714285714285714, False, False, -1, True, False, 0.214285714285714
-612833841, windowed, 26, 14, 15, 662, 718, 7, 61, 452.311, 0.175, 0.0707070707070707, 0.100719424460432, 319, -1, 0, 0, 24, 0, 3, 1, 2, 3, 0, 3, True, False, 0.833333333333333, True, False, 0.869565217391304, False, False, -1, False, False, -1, False, False, -1, False, False, -1, False, False, -3, True, True, 0.714285714285714, True, False, 0.714285714285714, False, False, -1, True, False, 0.214285714285714
-612833841, windowed, 26, 14, 15, 662, 718, 7, 62, 501.059, 0.191489361702128, 0.0909090909090909, 0.123287671232877, 312, -1, 0, 0, 24, 0, 3, 1, 2, 3, 0, 3, True, False, 0.833333333333333, True, False, 0.869565217391304, False, False, -1, False, False, -1, False, False, -1, False, False, -1, False, False, -3, True, True, 0.714285714285714, True, False, 0.714285714285714, False, False, -1, True, False, 0.214285714285714
-612833841, windowed, 26, 14, 15, 662, 718, 7, 63, 1358.081, 0.152173913043478, 0.0707070707070707, 0.096551724137931, 308, -1, 0, 0, 24, 0, 3, 1, 2, 3, 0, 3, True, False, 0.833333333333333, True, False, 0.869565217391304, False, False, -1, False, False, -1, False, False, -1, False, False, -1, False, False, -3, True, True, 0.714285714285714, True, False, 0.714285714285714, False, False, -1, True, False, 0.214285714285714
-612833841, windowed, 26, 14, 15, 662, 718, 7, 64, 434.365, 0.15, 0.0606060606060606, 0.0863309352517986, 335, -1, 0, 0, 24, 0, 3, 1, 2, 3, 0, 3, True, False, 0.833333333333333, True, False, 0.869565217391304, False, False, -1, False, False, -1, False, False, -1, False, False, -1, False, False, -3, True, True, 0.714285714285714, True, False, 0.714285714285714, False, False, -1, True, False, 0.214285714285714
-612833841, windowed, 26, 14, 15, 662, 718, 7, 65, 1966.608, 0.142857142857143, 0.0909090909090909, 0.111111111111111, 291, -1, 0, 0, 24, 0, 3, 1, 2, 3, 0, 3, True, False, 0.833333333333333, True, False, 0.869565217391304, False, False, -1, False, False, -1, False, False, -1, False, False, -1, False, False, -3, True, True, 0.714285714285714, True, False, 0.714285714285714, False, False, -1, True, False, 0.214285714285714
-612833841, windowed, 26, 14, 15, 662, 718, 7, 66, 2123.563, 0.17910447761194, 0.121212121212121, 0.144578313253012, 270, -1, 0, 0, 24, 0, 3, 1, 2, 3, 0, 3, True, False, 0.833333333333333, True, False, 0.869565217391304, False, False, -1, False, False, -1, False, False, -1, False, False, -1, False, False, -3, True, True, 0.714285714285714, True, False, 0.714285714285714, False, False, -1, True, False, 0.214285714285714
-612833841, windowed, 26, 14, 15, 662, 718, 7, 67, 480.528, 0.117647058823529, 0.0606060606060606, 0.08, 309, -1, 0, 0, 24, 0, 3, 1, 2, 3, 0, 3, True, False, 0.833333333333333, True, False, 0.869565217391304, False, False, -1, False, False, -1, False, False, -1, False, False, -1, False, False, -3, True, True, 0.714285714285714, True, False, 0.714285714285714, False, False, -1, True, False, 0.214285714285714
-612833841, windowed, 26, 14, 15, 662, 718, 7, 68, 2224.395, 0.19047619047619, 0.121212121212121, 0.148148148148148, 263, -1, 0, 0, 24, 0, 3, 1, 2, 3, 0, 3, True, False, 0.833333333333333, True, False, 0.869565217391304, False, False, -1, False, False, -1, False, False, -1, False, False, -1, False, False, -3, True, True, 0.714285714285714, True, False, 0.714285714285714, False, False, -1, True, False, 0.214285714285714
-612833841, windowed, 26, 14, 15, 662, 718, 7, 69, 2280.087, 0.238095238095238, 0.151515151515152, 0.185185185185185, 270, -1, 0, 0, 24, 0, 3, 1, 2, 3, 0, 3, True, False, 0.833333333333333, True, False, 0.869565217391304, False, False, -1, False, False, -1, False, False, -1, False, False, -1, False, False, -3, True, True, 0.714285714285714, True, False, 0.714285714285714, False, False, -1, True, False, 0.214285714285714
-612833841, windowed, 26, 14, 15, 662, 718, 7, 70, 2165.712, 0.105263157894737, 0.0606060606060606, 0.0769230769230769, 284, -1, 0, 0, 24, 0, 3, 1, 2, 3, 0, 3, True, False, 0.833333333333333, True, False, 0.869565217391304, False, False, -1, False, False, -1, False, False, -1, False, False, -1, False, False, -3, True, True, 0.714285714285714, True, False, 0.714285714285714, False, False, -1, True, False, 0.214285714285714
-612833841, windowed, 26, 14, 15, 662, 718, 7, 71, 1917.527, 0.0487804878048781, 0.0202020202020202, 0.0285714285714286, 309, -1, 0, 0, 24, 0, 4, 1, 3, 4, 0, 4, True, False, 0.833333333333333, True, False, 0.869565217391304, False, False, -1, True, False, 0.725, False, False, -1, False, False, -1, True, False, -1.275, True, True, 0.714285714285714, True, False, 0.714285714285714, False, False, -1, True, False, 0.214285714285714
-612833841, windowed, 26, 14, 15, 662, 718, 7, 72, 1395.903, 0.145833333333333, 0.0707070707070707, 0.0952380952380952, 296, -1, 0, 0, 24, 0, 4, 1, 3, 4, 0, 4, True, False, 0.833333333333333, True, False, 0.869565217391304, False, False, -1, True, False, 0.725, False, False, -1, False, False, -1, True, False, -1.275, True, True, 0.714285714285714, True, False, 0.714285714285714, False, False, -1, True, False, 0.214285714285714
-612833841, windowed, 26, 14, 15, 662, 718, 7, 73, 1677.669, 0.142857142857143, 0.0606060606060606, 0.0851063829787234, 317, -1, 0, 0, 24, 0, 4, 1, 3, 4, 0, 4, True, False, 0.833333333333333, True, False, 0.869565217391304, False, False, -1, True, False, 0.725, False, False, -1, False, False, -1, True, False, -1.275, True, True, 0.714285714285714, True, False, 0.714285714285714, False, False, -1, True, False, 0.214285714285714
-612833841, windowed, 26, 14, 15, 662, 718, 7, 74, 1270.628, 0.217391304347826, 0.101010101010101, 0.137931034482759, 309, -1, 0, 0, 24, 0, 4, 1, 3, 4, 0, 4, True, False, 0.833333333333333, True, False, 0.869565217391304, False, False, -1, True, False, 0.725, False, False, -1, False, False, -1, True, False, -1.275, True, True, 0.714285714285714, True, False, 0.714285714285714, False, False, -1, True, False, 0.214285714285714
-612833841, windowed, 26, 14, 15, 662, 718, 7, 75, 392.835, 0.0882352941176471, 0.0303030303030303, 0.0451127819548872, 346, -1, 0, 0, 24, 0, 4, 1, 3, 4, 0, 4, True, False, 0.833333333333333, True, False, 0.869565217391304, False, False, -1, True, False, 0.725, False, False, -1, False, False, -1, True, False, -1.275, True, True, 0.714285714285714, True, False, 0.714285714285714, False, False, -1, True, False, 0.214285714285714
-612833841, windowed, 26, 14, 15, 662, 718, 7, 76, 1489.645, 0.125, 0.0606060606060606, 0.0816326530612245, 306, -1, 0, 0, 24, 0, 4, 1, 3, 4, 0, 4, True, False, 0.833333333333333, True, False, 0.869565217391304, False, False, -1, True, False, 0.725, False, False, -1, False, False, -1, True, False, -1.275, True, True, 0.714285714285714, True, False, 0.714285714285714, False, False, -1, True, False, 0.214285714285714
-612833841, windowed, 26, 14, 15, 662, 718, 7, 77, 1246.378, 0.19047619047619, 0.0808080808080808, 0.113475177304965, 314, -1, 0, 0, 24, 0, 4, 1, 3, 4, 0, 4, True, False, 0.833333333333333, True, False, 0.869565217391304, False, False, -1, True, False, 0.725, False, False, -1, False, False, -1, True, False, -1.275, True, True, 0.714285714285714, True, False, 0.714285714285714, False, False, -1, True, False, 0.214285714285714
-612833841, windowed, 26, 14, 15, 662, 718, 7, 78, 1435.737, 0.15, 0.0606060606060606, 0.0863309352517986, 307, -1, 0, 0, 24, 0, 4, 1, 3, 4, 0, 4, True, False, 0.833333333333333, True, False, 0.869565217391304, False, False, -1, True, False, 0.725, False, False, -1, False, False, -1, True, False, -1.275, True, True, 0.714285714285714, True, False, 0.714285714285714, False, False, -1, True, False, 0.214285714285714
-612833841, windowed, 26, 14, 15, 662, 718, 7, 79, 1146.472, 0.138888888888889, 0.0505050505050505, 0.0740740740740741, 325, -1, 0, 0, 24, 0, 4, 1, 3, 4, 0, 4, True, False, 0.833333333333333, True, False, 0.869565217391304, False, False, -1, True, False, 0.725, False, False, -1, False, False, -1, True, False, -1.275, True, True, 0.714285714285714, True, False, 0.714285714285714, False, False, -1, True, False, 0.214285714285714
-612833841, windowed, 26, 14, 15, 662, 718, 7, 80, 1151.88, 0.131578947368421, 0.0505050505050505, 0.072992700729927, 316, -1, 0, 0, 24, 0, 4, 1, 3, 4, 0, 4, True, False, 0.833333333333333, True, False, 0.869565217391304, False, False, -1, True, False, 0.725, False, False, -1, False, False, -1, True, False, -1.275, True, True, 0.714285714285714, True, False, 0.714285714285714, False, False, -1, True, False, 0.214285714285714
-612833841, windowed, 26, 14, 15, 662, 718, 7, 81, 1202.355, 0.173913043478261, 0.0808080808080808, 0.110344827586207, 306, -1, 0, 0, 24, 0, 4, 1, 3, 4, 0, 4, True, False, 0.833333333333333, True, False, 0.869565217391304, False, False, -1, True, False, 0.725, False, False, -1, False, False, -1, True, False, -1.275, True, True, 0.714285714285714, True, False, 0.714285714285714, False, False, -1, True, False, 0.214285714285714
-612833841, windowed, 26, 14, 15, 662, 718, 7, 82, 1109.657, 0.157894736842105, 0.0606060606060606, 0.0875912408759124, 324, -1, 0, 0, 24, 0, 4, 1, 3, 4, 0, 4, True, False, 0.833333333333333, True, False, 0.869565217391304, False, False, -1, True, False, 0.725, False, False, -1, False, False, -1, True, False, -1.275, True, True, 0.714285714285714, True, False, 0.714285714285714, False, False, -1, True, False, 0.214285714285714
-612833841, windowed, 26, 14, 15, 662, 718, 7, 83, 1122.371, 0.166666666666667, 0.0707070707070707, 0.099290780141844, 312, -1, 0, 0, 24, 0, 4, 1, 3, 4, 0, 4, True, False, 0.833333333333333, True, False, 0.869565217391304, False, False, -1, True, False, 0.725, False, False, -1, False, False, -1, True, False, -1.275, True, True, 0.714285714285714, True, False, 0.714285714285714, False, False, -1, True, False, 0.214285714285714
-612833841, windowed, 26, 14, 15, 662, 718, 7, 84, 1349.732, 0.208333333333333, 0.101010101010101, 0.136054421768708, 298, -1, 0, 0, 24, 0, 4, 1, 3, 4, 0, 4, True, False, 0.833333333333333, True, False, 0.869565217391304, False, False, -1, True, False, 0.725, False, False, -1, False, False, -1, True, False, -1.275, True, True, 0.714285714285714, True, False, 0.714285714285714, False, False, -1, True, False, 0.214285714285714
-612833841, windowed, 26, 14, 15, 662, 718, 7, 85, 1560.979, 0.188679245283019, 0.101010101010101, 0.131578947368421, 290, -1, 0, 0, 24, 0, 4, 1, 3, 4, 0, 4, True, False, 0.833333333333333, True, False, 0.869565217391304, False, False, -1, True, False, 0.725, False, False, -1, False, False, -1, True, False, -1.275, True, True, 0.714285714285714, True, False, 0.714285714285714, False, False, -1, True, False, 0.214285714285714
-612833841, windowed, 26, 14, 15, 662, 718, 7, 86, 1923.134, 0.11864406779661, 0.0707070707070707, 0.0886075949367089, 276, -1, 0, 0, 24, 0, 4, 1, 3, 4, 0, 4, True, False, 0.833333333333333, True, False, 0.869565217391304, False, False, -1, True, False, 0.725, False, False, -1, False, False, -1, True, False, -1.275, True, True, 0.714285714285714, True, False, 0.714285714285714, False, False, -1, True, False, 0.214285714285714
-612833841, windowed, 26, 14, 15, 662, 718, 7, 87, 461.678, 0.224489795918367, 0.111111111111111, 0.148648648648649, 315, -1, 0, 0, 24, 0, 4, 1, 3, 4, 0, 4, True, False, 0.833333333333333, True, False, 0.869565217391304, False, False, -1, True, False, 0.725, False, False, -1, False, False, -1, True, False, -1.275, True, True, 0.714285714285714, True, False, 0.714285714285714, False, False, -1, True, False, 0.214285714285714
-612833841, windowed, 26, 14, 15, 662, 718, 7, 88, 2072.161, 0.103448275862069, 0.0606060606060606, 0.0764331210191083, 265, -1, 0, 0, 24, 0, 4, 1, 3, 4, 0, 4, True, False, 0.833333333333333, True, False, 0.869565217391304, False, False, -1, True, False, 0.725, False, False, -1, False, False, -1, True, False, -1.275, True, True, 0.714285714285714, True, False, 0.714285714285714, False, False, -1, True, False, 0.214285714285714
-612833841, windowed, 26, 14, 15, 662, 718, 7, 89, 463.079, 0.156862745098039, 0.0808080808080808, 0.106666666666667, 315, -1, 0, 0, 24, 0, 4, 1, 3, 4, 0, 4, True, False, 0.833333333333333, True, False, 0.869565217391304, False, False, -1, True, False, 0.725, False, False, -1, False, False, -1, True, False, -1.275, True, True, 0.714285714285714, True, False, 0.714285714285714, False, False, -1, True, False, 0.214285714285714
-612833841, windowed, 26, 14, 15, 662, 718, 7, 90, 1314.989, 0.102040816326531, 0.0505050505050505, 0.0675675675675676, 300, -1, 0, 0, 24, 0, 4, 1, 3, 4, 0, 4, True, False, 0.833333333333333, True, False, 0.869565217391304, False, False, -1, True, False, 0.725, False, False, -1, False, False, -1, True, False, -1.275, True, True, 0.714285714285714, True, False, 0.714285714285714, False, False, -1, True, False, 0.214285714285714
-612833841, windowed, 26, 14, 15, 662, 718, 7, 91, 1452.694, 0.132075471698113, 0.0707070707070707, 0.0921052631578947, 302, -1, 0, 0, 24, 0, 4, 1, 3, 4, 0, 4, True, False, 0.833333333333333, True, False, 0.869565217391304, False, False, -1, True, False, 0.725, False, False, -1, False, False, -1, True, False, -1.275, True, True, 0.714285714285714, True, False, 0.714285714285714, False, False, -1, True, False, 0.214285714285714
-612833841, windowed, 26, 14, 15, 662, 718, 7, 92, 1522.397, 0.142857142857143, 0.0707070707070707, 0.0945945945945946, 300, -1, 0, 0, 24, 0, 4, 1, 3, 4, 0, 4, True, False, 0.833333333333333, True, False, 0.869565217391304, False, False, -1, True, False, 0.725, False, False, -1, False, False, -1, True, False, -1.275, True, True, 0.714285714285714, True, False, 0.714285714285714, False, False, -1, True, False, 0.214285714285714
-612833841, windowed, 26, 14, 15, 662, 718, 7, 93, 494.663, 0.0869565217391304, 0.0404040404040404, 0.0551724137931034, 298, -1, 0, 0, 24, 0, 4, 1, 3, 4, 0, 4, True, False, 0.833333333333333, True, False, 0.869565217391304, False, False, -1, True, False, 0.725, False, False, -1, False, False, -1, True, False, -1.275, True, True, 0.714285714285714, True, False, 0.714285714285714, False, False, -1, True, False, 0.214285714285714
-612833841, windowed, 26, 14, 15, 662, 718, 7, 94, 1556.057, 0.146341463414634, 0.0606060606060606, 0.0857142857142857, 322, -1, 0, 0, 24, 0, 4, 1, 3, 4, 0, 4, True, False, 0.833333333333333, True, False, 0.869565217391304, False, False, -1, True, False, 0.725, False, False, -1, False, False, -1, True, False, -1.275, True, True, 0.714285714285714, True, False, 0.714285714285714, False, False, -1, True, False, 0.214285714285714
-612833841, windowed, 26, 14, 15, 662, 718, 7, 95, 1707.902, 0.133333333333333, 0.0606060606060606, 0.0833333333333333, 298, -1, 0, 0, 24, 0, 5, 2, 3, 4, 0, 4, True, False, 0.833333333333333, True, False, 0.869565217391304, False, False, -1, True, False, 0.725, False, False, -1, False, False, -1, True, False, -1.275, True, True, 0.714285714285714, True, True, 0.714285714285714, True, False, 0.80952380952381, True, False, 0.746031746031746
-612833841, windowed, 26, 14, 15, 662, 718, 7, 96, 2211.776, 0.108695652173913, 0.0505050505050505, 0.0689655172413793, 305, -1, 0, 0, 24, 0, 5, 2, 3, 4, 0, 4, True, False, 0.833333333333333, True, False, 0.869565217391304, False, False, -1, True, False, 0.725, False, False, -1, False, False, -1, True, False, -1.275, True, True, 0.714285714285714, True, True, 0.714285714285714, True, False, 0.80952380952381, True, False, 0.746031746031746
-612833841, windowed, 26, 14, 15, 662, 718, 7, 97, 1770.199, 0.155555555555556, 0.0707070707070707, 0.0972222222222222, 304, -1, 0, 0, 24, 0, 5, 2, 3, 4, 0, 4, True, False, 0.833333333333333, True, False, 0.869565217391304, False, False, -1, True, False, 0.725, False, False, -1, False, False, -1, True, False, -1.275, True, True, 0.714285714285714, True, True, 0.714285714285714, True, False, 0.80952380952381, True, False, 0.746031746031746
-612833841, windowed, 26, 14, 15, 662, 718, 7, 98, 1483.38, 0.219512195121951, 0.0909090909090909, 0.128571428571429, 319, -1, 0, 0, 24, 0, 5, 2, 3, 4, 0, 4, True, False, 0.833333333333333, True, False, 0.869565217391304, False, False, -1, True, False, 0.725, False, False, -1, False, False, -1, True, False, -1.275, True, True, 0.714285714285714, True, True, 0.714285714285714, True, False, 0.80952380952381, True, False, 0.746031746031746
